transaction_id,customer_id,amount,payment_method,failure_code,failure_timestamp,retry_count_so_far,bank_name,true_root_cause_category,ideal_action
a34b6cf6-2053-4a42-b1af-db65b289f224,cust_73931bdb,2532.71,card,card_declined,2026-08-22T18:31:56Z,0,IndusInd Bank,CUSTOMER_FUNDS_ISSUE,SEND_NUDGE
1a432f0a-7daa-49f0-80b6-fce2de53790a,cust_34833489,1045.45,upi,bank_timeout,2026-08-29T19:56:17Z,1,Yes Bank,TEMPORARY_BANK_ISSUE,RETRY_IMMEDIATE
48ca7651-92f5-4f7b-8323-d342df6a8f93,cust_6c15c0c8,3906.55,upi,network_error,2026-08-25T23:49:31Z,1,Yes Bank,TEMPORARY_BANK_ISSUE,RETRY_IMMEDIATE
5738811d-70c2-403f-ba8d-03aa782a65e0,cust_73931bdb,1277.16,card,card_declined,2026-08-30T23:56:20Z,0,Yes Bank,PERMANENT_FAILURE,NO_ACTION_UNRECOVERABLE
40a26c60-0d27-4659-b72a-da9b2f32751e,cust_2f01b721,1306.87,upi,insufficient_funds,2026-09-02T11:26:49Z,2,IDFC FIRST Bank,CUSTOMER_FUNDS_ISSUE,RETRY_DELAYED_24H
1d34d08e-7a4c-45d4-9c99-e04cf0e98b3b,cust_d7e805da,952.15,upi,invalid_vpa,2026-08-28T20:26:39Z,0,State Bank of India,PERMANENT_FAILURE,NO_ACTION_UNRECOVERABLE
7de31a51-6694-4343-90ba-58e3d2762bdc,cust_b682575e,6661.6,card,card_declined,2026-08-27T09:40:09Z,2,Punjab National Bank,CUSTOMER_FUNDS_ISSUE,RETRY_DELAYED_72H
afbb411a-a123-4a8c-93b7-a88612f70c97,cust_38a39d5e,6359.45,card,card_declined,2026-08-26T03:35:54Z,3,Union Bank of India,CUSTOMER_FUNDS_ISSUE,RETRY_DELAYED_72H
cfa701cd-2631-400b-a6d7-94d30db95301,cust_21a278f6,5847.56,card,insufficient_funds,2026-09-04T01:09:48Z,2,Bank of Baroda,CUSTOMER_FUNDS_ISSUE,RETRY_DELAYED_72H
15ce6a66-4dc8-4a1e-b2f9-e5fa90164161,cust_38a39d5e,1800.78,emandate,expired_mandate,2026-08-28T01:10:24Z,1,State Bank of India,MANDATE_EXPIRED,SEND_NUDGE
8edddfcd-1e52-4770-bf89-7142fe716b14,cust_c5e40c02,5698.08,card,bank_timeout,2026-08-26T02:54:55Z,1,Federal Bank,TEMPORARY_BANK_ISSUE,RETRY_IMMEDIATE
989bc4da-9b37-422b-aa8a-616fc3b290d0,cust_9309cc62,3554.4,upi,invalid_vpa,2026-08-25T02:53:33Z,1,ICICI Bank,PERMANENT_FAILURE,NO_ACTION_UNRECOVERABLE
c693da11-39c6-41ca-9e50-aa42ca6dfda1,cust_c5e40c02,3154.92,upi,risk_decline,2026-08-23T09:46:24Z,1,State Bank of India,RISK_BLOCKED,ESCALATE_HUMAN
e893be3d-7354-4a6f-a160-745985c7504b,cust_6eaac8d8,1096.75,upi,network_error,2026-08-26T21:54:18Z,2,Kotak Mahindra Bank,TEMPORARY_BANK_ISSUE,RETRY_DELAYED_24H
96a9954f-dc33-41f9-8c1f-55ab715629ee,cust_b74f2134,2884.84,emandate,expired_mandate,2026-08-22T20:26:34Z,0,ICICI Bank,MANDATE_EXPIRED,SEND_NUDGE
9191b363-4e2d-4645-adc7-cac7fd72b050,cust_297c79bf,809.09,upi,bank_timeout,2026-08-23T04:54:00Z,2,Federal Bank,TEMPORARY_BANK_ISSUE,RETRY_DELAYED_24H
f5c9b047-9c10-4572-8f6b-40d09efba58b,cust_12da86a7,3952.39,emandate,expired_mandate,2026-09-03T08:25:22Z,0,Punjab National Bank,MANDATE_EXPIRED,SEND_NUDGE
c342bd2b-f295-456e-9967-5f06bd767e35,cust_e4d58fed,7027.86,card,insufficient_funds,2026-08-22T11:55:50Z,0,Punjab National Bank,CUSTOMER_FUNDS_ISSUE,SEND_NUDGE
43bfd931-3605-4f54-a021-c0ca3531968d,cust_47c462dd,3518.46,upi,network_error,2026-08-29T22:47:16Z,2,Union Bank of India,CUSTOMER_FUNDS_ISSUE,RETRY_DELAYED_24H
3d67cde9-2834-44c0-94c8-b3b4a911d192,cust_b8a88062,230.69,upi,risk_decline,2026-08-29T02:12:45Z,0,Bank of Baroda,RISK_BLOCKED,ESCALATE_HUMAN
2812859a-1337-439e-8d4f-5d272c7f0b79,cust_d4e518ca,923.81,card,card_declined,2026-08-25T08:55:26Z,3,IndusInd Bank,RISK_BLOCKED,ESCALATE_HUMAN
b07aa066-7354-45ea-a894-9b8d00af5b3a,cust_d7e805da,1011.98,upi,bank_timeout,2026-08-24T05:19:18Z,0,State Bank of India,TEMPORARY_BANK_ISSUE,RETRY_IMMEDIATE
085b15fb-4a8f-4810-b84c-2f29980402a2,cust_d1026706,772.39,upi,invalid_vpa,2026-09-01T22:31:14Z,1,IndusInd Bank,PERMANENT_FAILURE,NO_ACTION_UNRECOVERABLE
48603b32-b4fb-4eb9-89c1-3de73b4206c5,cust_f893697b,2593.45,card,network_error,2026-08-27T19:50:52Z,0,Union Bank of India,PERMANENT_FAILURE,RETRY_IMMEDIATE
1238d630-743b-45a2-9c0f-2fcfb3f6fe0d,cust_7df7ffe0,867.86,card,card_declined,2026-08-22T18:07:29Z,2,ICICI Bank,CUSTOMER_FUNDS_ISSUE,RETRY_DELAYED_24H
43b9da13-ec85-4f37-bbc1-a987aff8754d,cust_c826a6fc,10882.57,card,insufficient_funds,2026-08-25T12:00:37Z,0,ICICI Bank,CUSTOMER_FUNDS_ISSUE,SEND_NUDGE
96fc734d-a003-4d28-8a8f-3653c9af18f8,cust_29a27976,3016.11,emandate,expired_mandate,2026-08-28T15:13:15Z,1,ICICI Bank,MANDATE_EXPIRED,SEND_NUDGE
32a447b2-ef04-457d-8dcc-c33aa9434aa0,cust_b682575e,255.62,upi,insufficient_funds,2026-08-24T09:27:31Z,0,Bank of Baroda,CUSTOMER_FUNDS_ISSUE,SEND_NUDGE
398d1ca6-8b68-40b5-9d61-fac36cd5e859,cust_846a32c3,949.6,emandate,insufficient_funds,2026-09-05T05:58:02Z,0,State Bank of India,CUSTOMER_FUNDS_ISSUE,SEND_NUDGE
44007d5a-e88d-4719-a624-2b40a5cb63a2,cust_12da86a7,634.09,card,card_declined,2026-08-23T22:21:57Z,0,Federal Bank,CUSTOMER_FUNDS_ISSUE,SEND_NUDGE
0f44704f-1247-4a4e-a469-98e8d39e198b,cust_b74f2134,1828.31,card,card_declined,2026-08-30T01:24:05Z,2,State Bank of India,CUSTOMER_FUNDS_ISSUE,RETRY_DELAYED_24H
9854ce4e-4ebf-45c3-8ae9-b4a72a79ea68,cust_21a278f6,672.36,upi,invalid_vpa,2026-08-23T01:34:28Z,1,Punjab National Bank,PERMANENT_FAILURE,NO_ACTION_UNRECOVERABLE
ebd34616-91b7-4d8e-9301-6989bfbbb17f,cust_ed03241b,4651.94,emandate,bank_timeout,2026-08-23T12:25:49Z,1,ICICI Bank,TEMPORARY_BANK_ISSUE,RETRY_IMMEDIATE
77fc9703-1fd5-4423-b06c-5c5649e2623d,cust_d4e518ca,1031.04,upi,bank_timeout,2026-09-03T15:22:54Z,1,Punjab National Bank,TEMPORARY_BANK_ISSUE,RETRY_IMMEDIATE
670acc5c-b321-4f21-8dd8-eb85b04d3376,cust_e32684b2,3218.67,emandate,expired_mandate,2026-09-03T03:52:54Z,0,IndusInd Bank,MANDATE_EXPIRED,SEND_NUDGE
8a3c3b5e-801e-41da-85b1-ed25f1533ae8,cust_4d419b1b,1205.14,card,insufficient_funds,2026-09-02T06:18:56Z,0,Yes Bank,CUSTOMER_FUNDS_ISSUE,SEND_NUDGE
9918ee46-1497-4658-b010-f7197e695d0d,cust_4017f2ed,397.18,upi,insufficient_funds,2026-08-28T15:38:05Z,1,Punjab National Bank,CUSTOMER_FUNDS_ISSUE,RETRY_DELAYED_24H
bc0a6a5d-6e99-4e3e-a3b1-37fc0a3450fc,cust_e9df4696,5751.72,emandate,expired_mandate,2026-08-27T04:13:16Z,1,IDFC FIRST Bank,MANDATE_EXPIRED,SEND_NUDGE
069f14f1-4018-4c6e-9a8c-fa3c5283aac7,cust_aed16dc0,904.65,upi,bank_timeout,2026-08-24T23:50:59Z,1,IDFC FIRST Bank,TEMPORARY_BANK_ISSUE,RETRY_IMMEDIATE
ac9ed156-f63f-4e41-ba9a-ca5e176132ed,cust_a0770217,5556.36,card,card_declined,2026-08-23T21:36:27Z,1,Axis Bank,CUSTOMER_FUNDS_ISSUE,RETRY_DELAYED_72H
964db03f-9340-4fad-9c4a-d56bd6016237,cust_d3c681d0,5997.07,netbanking,bank_timeout,2026-09-01T09:09:12Z,3,Kotak Mahindra Bank,CUSTOMER_FUNDS_ISSUE,ESCALATE_HUMAN
c3c75611-ffe3-4a49-854f-92fff366bad4,cust_2978aa24,1992.96,upi,network_error,2026-08-24T17:30:31Z,2,IndusInd Bank,MANDATE_EXPIRED,RETRY_DELAYED_24H
9384ec2b-44fe-4cae-9248-a9a7ac1aa554,cust_25227c37,11242.72,card,card_declined,2026-08-29T04:38:47Z,0,IDFC FIRST Bank,CUSTOMER_FUNDS_ISSUE,SEND_NUDGE
2cd94cbb-c19a-458c-835b-1c8c0a4c9f7f,cust_b74f2134,4872.66,emandate,bank_timeout,2026-08-22T21:24:24Z,1,Bank of Baroda,TEMPORARY_BANK_ISSUE,RETRY_IMMEDIATE
7135f221-a6c9-437f-84da-d06a7872bdeb,cust_b97706ca,979.18,upi,network_error,2026-08-25T17:14:45Z,0,Yes Bank,TEMPORARY_BANK_ISSUE,RETRY_IMMEDIATE
ff37d19c-2e76-428b-8735-44f9ea83bf00,cust_71722f24,1930.06,upi,network_error,2026-09-03T00:25:06Z,3,IndusInd Bank,TEMPORARY_BANK_ISSUE,ESCALATE_HUMAN
d0725b5c-a281-4044-af96-288295d82980,cust_73c8eb5b,2773.29,emandate,bank_timeout,2026-08-31T17:01:54Z,1,IndusInd Bank,TEMPORARY_BANK_ISSUE,RETRY_IMMEDIATE
785299f4-175b-498d-b814-01027de1bdfe,cust_a0770217,3402.19,upi,bank_timeout,2026-08-25T17:38:52Z,0,IndusInd Bank,TEMPORARY_BANK_ISSUE,RETRY_IMMEDIATE
5230dfbd-5553-42fe-a889-803e5913f9d3,cust_6bd2aa39,4949.79,card,card_declined,2026-08-22T08:54:49Z,0,Bank of Baroda,CUSTOMER_FUNDS_ISSUE,SEND_NUDGE
292bd156-db94-4570-9ac7-0ec0ab8ddeb4,cust_85813dba,214.58,upi,insufficient_funds,2026-08-29T09:41:36Z,2,Punjab National Bank,CUSTOMER_FUNDS_ISSUE,RETRY_DELAYED_24H
7ed70ed7-b194-490b-a961-929e546e035a,cust_828bca03,2854.73,card,insufficient_funds,2026-08-25T21:34:00Z,0,IndusInd Bank,CUSTOMER_FUNDS_ISSUE,SEND_NUDGE
668409e3-f1f8-443e-a99f-131849c8a43f,cust_25227c37,5436.44,netbanking,insufficient_funds,2026-08-31T13:43:03Z,2,IDFC FIRST Bank,CUSTOMER_FUNDS_ISSUE,RETRY_DELAYED_72H
0964fbbf-8cd3-41b0-82b0-1cfdd045dd1c,cust_673bd475,2498.95,card,card_declined,2026-08-28T03:34:43Z,1,IndusInd Bank,RISK_BLOCKED,ESCALATE_HUMAN
409d3602-5084-4242-968b-1625746f7891,cust_8c49ea20,1480.42,card,card_declined,2026-08-28T20:53:05Z,0,State Bank of India,PERMANENT_FAILURE,NO_ACTION_UNRECOVERABLE
c5c5b37a-f85e-46a1-9dad-09b252c21221,cust_6a68f812,7406.89,card,card_declined,2026-08-26T15:19:48Z,0,Yes Bank,CUSTOMER_FUNDS_ISSUE,SEND_NUDGE
d32e6dcd-83bc-4478-9d6a-c7b86778043b,cust_b97706ca,894.88,card,card_declined,2026-09-01T00:06:25Z,0,Punjab National Bank,CUSTOMER_FUNDS_ISSUE,SEND_NUDGE
de8ede0b-a85c-4e4a-804b-6fabfcf56188,cust_4d419b1b,889.5,emandate,expired_mandate,2026-08-24T00:05:15Z,1,Federal Bank,MANDATE_EXPIRED,SEND_NUDGE
0de051a6-69ca-47d2-b644-14fd8ae769ed,cust_d810a485,376.56,netbanking,risk_decline,2026-08-25T15:35:51Z,3,IndusInd Bank,RISK_BLOCKED,ESCALATE_HUMAN
9f64eeed-5c9d-427d-84b8-71bb300568d2,cust_6cfc7403,4914.11,upi,insufficient_funds,2026-08-22T20:22:01Z,0,Yes Bank,CUSTOMER_FUNDS_ISSUE,SEND_NUDGE
71299889-a01a-4992-bf9d-3e64c1a6423b,cust_29a27976,4122.16,emandate,insufficient_funds,2026-08-22T17:34:51Z,1,Kotak Mahindra Bank,CUSTOMER_FUNDS_ISSUE,RETRY_DELAYED_24H
445dcc38-341c-4494-8d36-6dfcc28ebd70,cust_f893697b,745.02,card,card_declined,2026-08-24T01:26:13Z,0,IndusInd Bank,RISK_BLOCKED,ESCALATE_HUMAN
49bc473f-ed7b-4656-a18a-15368c99a894,cust_9b621792,666.83,emandate,expired_mandate,2026-08-29T19:12:28Z,0,Union Bank of India,MANDATE_EXPIRED,SEND_NUDGE
7c16128d-b2c0-4394-a17f-29e170286046,cust_0760474f,527.8,upi,risk_decline,2026-08-30T02:05:44Z,2,State Bank of India,RISK_BLOCKED,ESCALATE_HUMAN
a14923c2-f920-464c-8763-fcd01f15c7b6,cust_c5e40c02,722.68,card,card_declined,2026-09-04T19:01:00Z,0,Bank of Baroda,CUSTOMER_FUNDS_ISSUE,SEND_NUDGE
b5b453ca-3d42-493c-8c9f-d3349bdf0377,cust_846a32c3,1594.09,card,risk_decline,2026-08-30T23:08:52Z,1,IndusInd Bank,RISK_BLOCKED,ESCALATE_HUMAN
03802b70-8d03-491e-8f8d-5238288b78b5,cust_6a68f812,12161.87,emandate,expired_mandate,2026-09-02T00:38:06Z,2,HDFC Bank,MANDATE_EXPIRED,ESCALATE_HUMAN
3985fb62-17dc-4eff-a872-13f98d605936,cust_d7e805da,4196.57,emandate,expired_mandate,2026-08-28T21:09:13Z,1,Union Bank of India,MANDATE_EXPIRED,SEND_NUDGE
1d0bc9bd-e9b5-45cf-9766-5cdafe049059,cust_53c1f76e,11230.39,netbanking,bank_timeout,2026-08-30T16:35:00Z,0,Kotak Mahindra Bank,TEMPORARY_BANK_ISSUE,RETRY_IMMEDIATE
a5d04d53-1e12-42e3-b272-92b6762172ed,cust_4f7fd633,2287.6,netbanking,insufficient_funds,2026-09-03T16:56:56Z,1,IDFC FIRST Bank,CUSTOMER_FUNDS_ISSUE,RETRY_DELAYED_24H
eec259dc-7f95-497c-a76a-a6ced50755d9,cust_7b95e909,1472.61,upi,bank_timeout,2026-08-23T21:33:19Z,1,Union Bank of India,TEMPORARY_BANK_ISSUE,RETRY_IMMEDIATE
b495db4e-8245-4fb4-8ab7-706eb77350ca,cust_d3c681d0,3845.91,emandate,insufficient_funds,2026-09-03T15:20:22Z,0,State Bank of India,CUSTOMER_FUNDS_ISSUE,SEND_NUDGE
7b85179a-d5b0-47e0-aa5d-932b45ff2c83,cust_4f58d669,693.95,card,bank_timeout,2026-08-22T08:15:07Z,1,Yes Bank,TEMPORARY_BANK_ISSUE,RETRY_IMMEDIATE
74eff545-3e65-4603-b8e3-654bfaf14ff0,cust_d1026706,3714.01,upi,network_error,2026-08-28T13:01:22Z,0,Axis Bank,TEMPORARY_BANK_ISSUE,RETRY_IMMEDIATE
30cbd755-6232-417a-a507-41818d1fb540,cust_bdabe898,9811.07,card,bank_timeout,2026-08-29T23:08:12Z,1,Union Bank of India,TEMPORARY_BANK_ISSUE,RETRY_IMMEDIATE
bf0d073d-821c-4336-9970-cf60ebff8d15,cust_6c15c0c8,672.62,upi,insufficient_funds,2026-08-28T11:07:16Z,2,IndusInd Bank,CUSTOMER_FUNDS_ISSUE,RETRY_DELAYED_24H
11df12d7-dd30-4e89-a2f2-35f2e11b868d,cust_d7e805da,101.71,upi,bank_timeout,2026-08-23T13:59:35Z,2,Axis Bank,TEMPORARY_BANK_ISSUE,RETRY_DELAYED_24H
dabac50d-ca3d-4859-85ce-099c46b82659,cust_dbdde131,1830.97,upi,bank_timeout,2026-09-05T06:55:23Z,0,HDFC Bank,TEMPORARY_BANK_ISSUE,RETRY_IMMEDIATE
c9a7d91f-ef2a-4713-9702-10496a39aaa6,cust_297c79bf,4670.09,card,card_declined,2026-08-28T10:46:42Z,2,Federal Bank,CUSTOMER_FUNDS_ISSUE,RETRY_DELAYED_24H
00a81de9-d20f-47d0-8465-6d6b81fb18b3,cust_ca0fa5f6,2060.72,emandate,expired_mandate,2026-08-26T21:47:02Z,2,Axis Bank,MANDATE_EXPIRED,SEND_NUDGE
d664d264-4c6e-47ff-b9de-7a3a486822b9,cust_10275dff,2140.53,card,card_declined,2026-08-25T06:48:31Z,1,Federal Bank,CUSTOMER_FUNDS_ISSUE,RETRY_DELAYED_24H
a8f1e091-ffb8-402d-9475-dbc996418ced,cust_c87a171a,4370.66,card,card_declined,2026-08-25T23:03:02Z,0,Axis Bank,CUSTOMER_FUNDS_ISSUE,SEND_NUDGE
7250ee18-260a-4962-9d81-b7f57d5911c6,cust_6eaac8d8,396.66,upi,bank_timeout,2026-09-04T17:38:10Z,1,Axis Bank,TEMPORARY_BANK_ISSUE,RETRY_IMMEDIATE
551ac8ea-585a-4afa-bbfd-cc1289e06ab3,cust_6a68f812,374.64,upi,network_error,2026-08-26T12:50:49Z,1,State Bank of India,PERMANENT_FAILURE,RETRY_IMMEDIATE
6090d697-8b1e-4b9d-834b-9fbb8d4a75b8,cust_7b95e909,745.35,upi,insufficient_funds,2026-09-03T17:46:59Z,0,IndusInd Bank,MANDATE_EXPIRED,SEND_NUDGE
de9e3757-5260-401e-aecf-67d2749176f4,cust_34833489,752.26,upi,insufficient_funds,2026-08-30T13:38:01Z,1,IDFC FIRST Bank,CUSTOMER_FUNDS_ISSUE,RETRY_DELAYED_24H
3d225c30-b28f-41de-bb14-0bc3304b8590,cust_b8a88062,3021.29,netbanking,insufficient_funds,2026-08-25T09:09:49Z,0,Yes Bank,CUSTOMER_FUNDS_ISSUE,SEND_NUDGE
db23aa8c-3bca-4f85-a20a-60ac9261549d,cust_846a32c3,1435.69,card,card_declined,2026-08-29T13:16:30Z,0,Yes Bank,CUSTOMER_FUNDS_ISSUE,SEND_NUDGE
517400f8-0b2c-482a-a928-8e92c68a152f,cust_c59c0996,4929.69,emandate,expired_mandate,2026-08-29T20:37:13Z,0,HDFC Bank,MANDATE_EXPIRED,SEND_NUDGE
e9d68f23-b489-4070-b914-f8a8bea4ff31,cust_d7e805da,1139.77,upi,insufficient_funds,2026-08-24T21:04:31Z,0,ICICI Bank,CUSTOMER_FUNDS_ISSUE,SEND_NUDGE
fd08b32c-62d6-4e93-a198-5d54cfb87e6f,cust_b682575e,435.92,emandate,expired_mandate,2026-09-03T18:16:02Z,0,IDFC FIRST Bank,MANDATE_EXPIRED,SEND_NUDGE
a6eab79e-d21c-42f8-8ada-4f80a9e782d4,cust_daeee6f5,617.79,card,insufficient_funds,2026-08-28T20:15:59Z,0,Yes Bank,CUSTOMER_FUNDS_ISSUE,SEND_NUDGE
f6febc0e-7ecd-4baf-a6f0-5fcffb16e5db,cust_85813dba,2357.73,card,card_declined,2026-09-03T00:45:25Z,2,Yes Bank,CUSTOMER_FUNDS_ISSUE,RETRY_DELAYED_24H
f72169bb-8096-4718-a051-acef097a1e10,cust_11a11f51,20824.39,emandate,expired_mandate,2026-09-04T04:44:42Z,3,Bank of Baroda,MANDATE_EXPIRED,ESCALATE_HUMAN
19b17e80-dea4-4e17-94fd-9ad39716108e,cust_53c1f76e,1549.74,upi,bank_timeout,2026-08-24T22:13:02Z,2,Kotak Mahindra Bank,TEMPORARY_BANK_ISSUE,RETRY_DELAYED_24H
1986b4b2-70b7-4868-9854-80f0dfcaf0b7,cust_d1026706,1546.17,upi,bank_timeout,2026-08-30T22:38:18Z,0,Bank of Baroda,TEMPORARY_BANK_ISSUE,RETRY_IMMEDIATE
03edd1f8-74f9-4d17-a912-b4bf86a4bae4,cust_c826a6fc,14967.48,card,risk_decline,2026-09-02T23:50:06Z,1,IndusInd Bank,RISK_BLOCKED,ESCALATE_HUMAN
def57689-68f4-4bce-a4e7-5e8eb8f21423,cust_38a39d5e,3330.4,card,bank_timeout,2026-09-04T11:12:08Z,0,Union Bank of India,TEMPORARY_BANK_ISSUE,RETRY_IMMEDIATE
1327f1bc-2784-478f-b84f-16b3a79fbfaf,cust_6bd2aa39,3146.11,emandate,insufficient_funds,2026-08-29T04:59:18Z,0,Punjab National Bank,CUSTOMER_FUNDS_ISSUE,SEND_NUDGE
43d88870-f81d-4aa1-8812-0a8e78308930,cust_daeee6f5,1111.69,upi,insufficient_funds,2026-09-02T23:51:46Z,2,State Bank of India,CUSTOMER_FUNDS_ISSUE,RETRY_DELAYED_24H
65c17795-b155-46bc-9f8d-ed9756abf2f1,cust_e9df4696,477.22,upi,invalid_vpa,2026-09-01T11:38:52Z,1,Punjab National Bank,PERMANENT_FAILURE,NO_ACTION_UNRECOVERABLE
541cdfcd-da0d-4a5f-948f-8b74a65bb1f2,cust_2a0df3db,2950.07,netbanking,network_error,2026-08-24T10:42:55Z,2,IndusInd Bank,TEMPORARY_BANK_ISSUE,RETRY_DELAYED_24H
889b78d5-dbfd-497e-aca2-b148da330aa1,cust_b97706ca,1539.88,card,card_declined,2026-09-01T18:12:27Z,1,Bank of Baroda,CUSTOMER_FUNDS_ISSUE,RETRY_DELAYED_24H
a075e927-5110-4492-b442-7e0b61484bb3,cust_53c1f76e,2924.84,card,bank_timeout,2026-08-23T08:53:55Z,3,Federal Bank,TEMPORARY_BANK_ISSUE,ESCALATE_HUMAN
7cea2045-c268-483e-a32f-2e63b7fddd71,cust_297c79bf,550.57,upi,invalid_vpa,2026-09-05T03:14:56Z,0,ICICI Bank,PERMANENT_FAILURE,NO_ACTION_UNRECOVERABLE
9e11d2cd-0930-4ef6-8a80-068ddf547e50,cust_bdabe898,4360.35,card,card_declined,2026-08-31T06:35:46Z,0,Axis Bank,CUSTOMER_FUNDS_ISSUE,SEND_NUDGE
af34cf65-a193-44b2-bc19-e71d118405ad,cust_e9df4696,12016.06,card,card_declined,2026-09-02T19:28:56Z,2,Yes Bank,PERMANENT_FAILURE,NO_ACTION_UNRECOVERABLE
3a3c8a71-ff57-4e2b-8991-ab9bebc2026f,cust_12da86a7,616.67,emandate,expired_mandate,2026-08-27T06:25:14Z,2,Kotak Mahindra Bank,MANDATE_EXPIRED,SEND_NUDGE
fa745761-6f18-4108-9723-199dbf2c14a0,cust_6a68f812,297.21,card,bank_timeout,2026-08-29T01:43:13Z,2,ICICI Bank,TEMPORARY_BANK_ISSUE,RETRY_DELAYED_24H
b4323070-a23d-4c2f-82a7-96891933918c,cust_34833489,1673.04,netbanking,insufficient_funds,2026-09-02T10:45:40Z,2,Bank of Baroda,TEMPORARY_BANK_ISSUE,RETRY_DELAYED_24H
2a96e1e2-7194-4ae2-99ba-d7aedf615a5c,cust_8a728e7e,4543.55,upi,network_error,2026-08-23T06:31:57Z,1,Punjab National Bank,TEMPORARY_BANK_ISSUE,RETRY_IMMEDIATE
0769165f-e746-4cb9-8ca9-cf07b1aa0f6a,cust_d3c681d0,4577.59,emandate,expired_mandate,2026-08-30T18:50:35Z,1,IDFC FIRST Bank,MANDATE_EXPIRED,SEND_NUDGE
0e5dd462-cbd0-4ef2-930a-37df0bc61066,cust_50af03b9,2050.44,upi,insufficient_funds,2026-09-04T08:41:51Z,3,Kotak Mahindra Bank,CUSTOMER_FUNDS_ISSUE,RETRY_DELAYED_24H
6e417d47-5ff5-45ea-9bc4-40f14b1a269b,cust_846a32c3,910.55,upi,bank_timeout,2026-08-31T00:41:51Z,0,Kotak Mahindra Bank,TEMPORARY_BANK_ISSUE,RETRY_IMMEDIATE
697c3923-87fa-441a-be83-b91f25440fe0,cust_e4d58fed,1361.28,emandate,risk_decline,2026-08-28T03:08:39Z,0,Kotak Mahindra Bank,RISK_BLOCKED,ESCALATE_HUMAN
2e183554-cae2-4e66-ae8a-781390e0a95b,cust_d810a485,287.53,upi,insufficient_funds,2026-09-01T09:59:34Z,1,Axis Bank,CUSTOMER_FUNDS_ISSUE,RETRY_DELAYED_24H
9c07a751-1437-4509-acd1-586a2b840c67,cust_673bd475,382.01,upi,network_error,2026-08-26T21:08:48Z,3,IndusInd Bank,TEMPORARY_BANK_ISSUE,ESCALATE_HUMAN
aee1e86b-9ea5-46aa-a1ee-6c5bdeef580f,cust_c5e40c02,3258.14,card,card_declined,2026-09-03T18:14:46Z,0,IndusInd Bank,RISK_BLOCKED,ESCALATE_HUMAN
9549c931-e9af-499d-bf67-1eec3da70577,cust_297c79bf,7730.16,card,card_declined,2026-09-03T09:08:24Z,3,Axis Bank,CUSTOMER_FUNDS_ISSUE,NO_ACTION_UNRECOVERABLE
a34db7c5-760d-4bbb-bb70-b3a124a35cf2,cust_828bca03,346.7,card,bank_timeout,2026-08-30T16:10:46Z,3,IDFC FIRST Bank,TEMPORARY_BANK_ISSUE,ESCALATE_HUMAN
aab612c9-415d-474a-b5a6-69814104a8b5,cust_53c1f76e,690.34,upi,risk_decline,2026-09-02T23:53:39Z,2,Bank of Baroda,RISK_BLOCKED,ESCALATE_HUMAN
771ad655-cdfc-4ee0-a61e-de900267deb3,cust_c5e40c02,243.93,upi,risk_decline,2026-09-04T21:18:16Z,0,HDFC Bank,RISK_BLOCKED,ESCALATE_HUMAN
8beddb12-ad77-482f-89a2-3a89e6b5a92c,cust_12da86a7,21041.85,emandate,risk_decline,2026-09-02T09:56:58Z,2,Axis Bank,RISK_BLOCKED,ESCALATE_HUMAN
f1faf665-7115-43f3-92e8-9d1028711733,cust_a0770217,1674.75,netbanking,insufficient_funds,2026-09-02T17:12:03Z,0,IndusInd Bank,CUSTOMER_FUNDS_ISSUE,SEND_NUDGE
4c955f6a-966b-4964-bcd6-bdca5876fd09,cust_6c15c0c8,12000.12,netbanking,bank_timeout,2026-08-26T08:47:47Z,1,State Bank of India,TEMPORARY_BANK_ISSUE,RETRY_IMMEDIATE
b0b862ef-6c9f-42b9-b647-8986a3917c99,cust_53c1f76e,430.61,upi,insufficient_funds,2026-08-31T17:05:42Z,2,Axis Bank,CUSTOMER_FUNDS_ISSUE,RETRY_DELAYED_24H
4d57d880-d865-469a-b4f3-310340066ff2,cust_36e8b535,2827.79,emandate,expired_mandate,2026-08-29T10:35:40Z,0,Yes Bank,MANDATE_EXPIRED,SEND_NUDGE
da743152-627b-41a1-bfd6-f23232ffe294,cust_bdabe898,904.4,upi,bank_timeout,2026-08-24T15:06:50Z,3,ICICI Bank,TEMPORARY_BANK_ISSUE,ESCALATE_HUMAN
61a11729-3cb9-4350-9b4d-a0fe7bb38605,cust_c826a6fc,1169.37,card,insufficient_funds,2026-08-30T23:42:50Z,0,ICICI Bank,TEMPORARY_BANK_ISSUE,SEND_NUDGE
4bbe4aff-9326-4ffd-9be4-bf5192698698,cust_b97706ca,1365.55,upi,insufficient_funds,2026-08-23T11:22:40Z,1,IDFC FIRST Bank,CUSTOMER_FUNDS_ISSUE,RETRY_DELAYED_24H
059dd55d-4b94-4e30-b303-f438fe2110d0,cust_ed03241b,100.0,upi,risk_decline,2026-08-31T02:49:27Z,2,IndusInd Bank,RISK_BLOCKED,ESCALATE_HUMAN
6553867d-a881-4fd3-947d-577bfa5a91ca,cust_bb81e3c2,1157.26,emandate,insufficient_funds,2026-09-03T04:04:19Z,0,Union Bank of India,CUSTOMER_FUNDS_ISSUE,SEND_NUDGE
dd750e98-90e0-495f-8212-b554464458b4,cust_71722f24,6055.03,upi,invalid_vpa,2026-08-24T17:27:21Z,1,State Bank of India,PERMANENT_FAILURE,NO_ACTION_UNRECOVERABLE
f93e08d5-bea2-4dfe-873f-6e1baf908e3c,cust_dbdde131,819.66,upi,risk_decline,2026-08-23T09:02:51Z,0,Axis Bank,RISK_BLOCKED,ESCALATE_HUMAN
bec39a37-9b3d-44bd-a91e-314e0c8e29e3,cust_29a27976,1974.1,upi,bank_timeout,2026-08-25T06:47:36Z,0,Yes Bank,TEMPORARY_BANK_ISSUE,RETRY_IMMEDIATE
e726be23-e776-4886-9534-ee1d7f2984f5,cust_d58e72e3,1339.78,emandate,risk_decline,2026-08-30T19:24:55Z,1,Punjab National Bank,RISK_BLOCKED,ESCALATE_HUMAN
3ae909fe-cc82-48da-8696-f5e64944051b,cust_0853964b,4911.98,card,insufficient_funds,2026-08-28T12:41:32Z,3,ICICI Bank,CUSTOMER_FUNDS_ISSUE,RETRY_DELAYED_24H
3810ae66-5a31-44cc-8d4b-69a99b689c88,cust_ca3766e4,1236.93,upi,invalid_vpa,2026-08-26T19:35:57Z,0,IndusInd Bank,PERMANENT_FAILURE,NO_ACTION_UNRECOVERABLE
402913ec-9ef2-493e-b0ac-7d7ba2f963a3,cust_d58e72e3,2509.01,emandate,expired_mandate,2026-09-02T21:33:01Z,1,Kotak Mahindra Bank,MANDATE_EXPIRED,SEND_NUDGE
c478f6f1-b88e-4318-816d-83edad81f8bd,cust_b74f2134,16563.11,card,card_declined,2026-08-23T01:04:00Z,1,Bank of Baroda,CUSTOMER_FUNDS_ISSUE,RETRY_DELAYED_72H
2303f6c6-d69d-42f1-ae4c-84ffa8c01f05,cust_e9df4696,1005.57,upi,insufficient_funds,2026-08-30T16:07:37Z,0,Bank of Baroda,CUSTOMER_FUNDS_ISSUE,SEND_NUDGE
a0a11839-e745-4704-98df-bc3ca0d4de3d,cust_36e8b535,5828.53,emandate,expired_mandate,2026-08-30T14:17:53Z,0,ICICI Bank,MANDATE_EXPIRED,SEND_NUDGE
c9e26074-4f16-49a0-8a17-991ea5769411,cust_d75e173e,6021.38,emandate,expired_mandate,2026-08-26T01:07:43Z,1,Axis Bank,MANDATE_EXPIRED,SEND_NUDGE
5d678bb1-945e-42e4-888a-93ec70d9c9f8,cust_297c79bf,315.0,upi,invalid_vpa,2026-09-05T00:47:50Z,0,IndusInd Bank,PERMANENT_FAILURE,NO_ACTION_UNRECOVERABLE
e8dd5e5a-1712-4b16-a1a4-344fbb7bee03,cust_b74f2134,377.77,upi,risk_decline,2026-08-25T14:05:56Z,0,Axis Bank,RISK_BLOCKED,ESCALATE_HUMAN
6a5e6920-bf5a-47e6-93a3-dd5a4b8c5bdc,cust_cf0b9cd7,4473.33,emandate,expired_mandate,2026-09-01T08:10:33Z,2,State Bank of India,MANDATE_EXPIRED,SEND_NUDGE
c958e75e-21d5-4971-b367-49b52cf6bf75,cust_21a278f6,149.97,upi,bank_timeout,2026-08-25T20:56:29Z,3,Axis Bank,TEMPORARY_BANK_ISSUE,ESCALATE_HUMAN
5da8d6d2-f8b3-4a8b-a05f-b8bc8a16a06c,cust_828bca03,2469.21,upi,bank_timeout,2026-08-27T13:16:41Z,1,HDFC Bank,TEMPORARY_BANK_ISSUE,RETRY_IMMEDIATE
45c45a3e-e9da-484a-8075-9f1f87e5f0fe,cust_c59c0996,2048.52,emandate,expired_mandate,2026-08-22T20:03:22Z,2,Kotak Mahindra Bank,MANDATE_EXPIRED,SEND_NUDGE
e9ff1cae-41c8-4a8c-aa1f-955ad499da99,cust_2978aa24,6061.19,emandate,bank_timeout,2026-08-30T02:16:26Z,1,Yes Bank,TEMPORARY_BANK_ISSUE,RETRY_IMMEDIATE
f7a67b94-7b5a-411a-b1b6-4afed31edf1a,cust_b8a88062,1658.9,card,insufficient_funds,2026-08-22T22:44:33Z,0,Axis Bank,CUSTOMER_FUNDS_ISSUE,SEND_NUDGE
ded255d0-bf1e-4366-8b8e-63d4ce7607ad,cust_c87a171a,1077.52,emandate,network_error,2026-08-24T12:04:56Z,2,Yes Bank,TEMPORARY_BANK_ISSUE,RETRY_DELAYED_24H
77e490c7-1d7b-4313-8de2-2f1c56b60afc,cust_21a278f6,3144.39,upi,network_error,2026-09-01T00:49:50Z,2,Yes Bank,TEMPORARY_BANK_ISSUE,RETRY_DELAYED_24H
c1101266-2408-46dc-9346-d1a9f6802cdb,cust_d3c681d0,3096.74,upi,insufficient_funds,2026-08-28T02:33:21Z,2,State Bank of India,CUSTOMER_FUNDS_ISSUE,RETRY_DELAYED_24H
ad238d36-dc32-4c97-b9c1-e262f76c8ede,cust_6eaac8d8,3120.58,emandate,expired_mandate,2026-08-29T22:44:22Z,0,ICICI Bank,MANDATE_EXPIRED,SEND_NUDGE
65bcc272-fadd-4ea3-aca5-e2fdb966442a,cust_d810a485,761.13,upi,insufficient_funds,2026-08-24T13:28:35Z,0,Federal Bank,CUSTOMER_FUNDS_ISSUE,SEND_NUDGE
8eac0a33-cdf9-44a7-9882-b5c1f79efd70,cust_7df7ffe0,1448.68,card,card_declined,2026-08-24T00:31:12Z,0,Axis Bank,CUSTOMER_FUNDS_ISSUE,SEND_NUDGE
6502d6a2-ca6a-4224-971e-16cc5da36f1b,cust_4d419b1b,791.24,upi,bank_timeout,2026-08-22T13:52:58Z,2,IndusInd Bank,TEMPORARY_BANK_ISSUE,RETRY_DELAYED_24H
1fa382e8-895c-4d99-83b3-8eb403902c5d,cust_7b95e909,936.08,card,risk_decline,2026-09-03T03:06:54Z,2,IDFC FIRST Bank,RISK_BLOCKED,ESCALATE_HUMAN
bfbf397b-ac3e-4b0d-9e5b-a13d746cdb77,cust_d1026706,3319.78,card,card_declined,2026-08-28T13:54:17Z,1,Federal Bank,CUSTOMER_FUNDS_ISSUE,RETRY_DELAYED_24H
618ae305-95a5-4afa-831d-029fac1e86d8,cust_10275dff,3101.46,card,card_declined,2026-08-31T19:45:49Z,0,Axis Bank,RISK_BLOCKED,ESCALATE_HUMAN
5f18e583-f0b6-483f-a377-f6f1d289f0ab,cust_10275dff,1496.31,upi,insufficient_funds,2026-08-29T20:28:21Z,1,Union Bank of India,CUSTOMER_FUNDS_ISSUE,RETRY_DELAYED_24H
78b2b549-3bdb-409e-acc2-16a01bbc91f7,cust_cf0b9cd7,1611.4,netbanking,network_error,2026-09-02T00:24:14Z,1,Bank of Baroda,TEMPORARY_BANK_ISSUE,RETRY_IMMEDIATE
f1738856-e25d-46eb-9e9a-9f83066803ee,cust_b8a88062,733.47,upi,bank_timeout,2026-08-25T02:10:19Z,0,ICICI Bank,TEMPORARY_BANK_ISSUE,RETRY_IMMEDIATE
9c2e58de-ea4e-4617-93f8-382b8fb864e4,cust_73c8eb5b,1213.66,upi,insufficient_funds,2026-09-05T07:15:52Z,0,Yes Bank,TEMPORARY_BANK_ISSUE,SEND_NUDGE
a2a9d4d8-102e-4de5-a5cc-8bf738ab854c,cust_6cfc7403,2664.45,emandate,expired_mandate,2026-08-31T13:50:29Z,0,Bank of Baroda,MANDATE_EXPIRED,SEND_NUDGE
b379cb1e-e8cd-40cc-b6da-3ca0d2e82f38,cust_85813dba,731.32,upi,bank_timeout,2026-08-24T18:52:05Z,3,IDFC FIRST Bank,TEMPORARY_BANK_ISSUE,ESCALATE_HUMAN
1dde7969-6886-43db-a634-8e784d5c55c7,cust_21a278f6,11424.74,netbanking,network_error,2026-08-28T02:01:25Z,1,Axis Bank,TEMPORARY_BANK_ISSUE,RETRY_IMMEDIATE
0986bbeb-f23e-423d-8b9b-d93423c86d30,cust_e32684b2,902.7,upi,network_error,2026-08-25T18:39:22Z,1,State Bank of India,TEMPORARY_BANK_ISSUE,RETRY_IMMEDIATE
1dba1267-7e1c-45a1-bef5-18a64dead645,cust_5d2cce80,910.97,upi,bank_timeout,2026-09-02T20:12:17Z,0,State Bank of India,MANDATE_EXPIRED,RETRY_IMMEDIATE
899ca782-e323-4d1a-bc1b-dacc18e19331,cust_e48478dc,2159.93,upi,invalid_vpa,2026-08-24T08:35:37Z,0,Federal Bank,PERMANENT_FAILURE,NO_ACTION_UNRECOVERABLE
5efa9c5b-7421-4f46-a37e-4b0122bae10e,cust_bdabe898,988.5,upi,bank_timeout,2026-08-27T03:50:58Z,3,IndusInd Bank,TEMPORARY_BANK_ISSUE,ESCALATE_HUMAN
b24cc64f-be3e-4e57-b30a-9e32aba4fc03,cust_6cfc7403,919.73,emandate,expired_mandate,2026-08-29T16:27:31Z,0,Federal Bank,MANDATE_EXPIRED,SEND_NUDGE
965befdf-6b4b-4411-8a4a-0e2df22b5b98,cust_25227c37,1357.44,card,bank_timeout,2026-09-01T06:18:24Z,2,Bank of Baroda,TEMPORARY_BANK_ISSUE,RETRY_DELAYED_24H
e2aa7a5d-278e-400d-ba02-66efbe055787,cust_4d419b1b,634.08,upi,invalid_vpa,2026-08-31T02:26:09Z,0,Punjab National Bank,PERMANENT_FAILURE,NO_ACTION_UNRECOVERABLE
d56ce8ea-1959-4b5a-a7a8-f6366a35df59,cust_5d2cce80,837.18,upi,insufficient_funds,2026-09-01T16:01:00Z,2,Kotak Mahindra Bank,CUSTOMER_FUNDS_ISSUE,RETRY_DELAYED_24H
f065c817-687a-4850-9d9b-62317d45d8ef,cust_4eaede5f,1283.07,upi,insufficient_funds,2026-08-27T08:36:30Z,0,IndusInd Bank,CUSTOMER_FUNDS_ISSUE,SEND_NUDGE
b0b63bcf-0860-4833-879d-0cdaf396ea37,cust_d4e518ca,279.29,upi,bank_timeout,2026-09-04T09:14:10Z,3,State Bank of India,TEMPORARY_BANK_ISSUE,ESCALATE_HUMAN
71d79665-7181-4dcf-b79e-fc6e5edb0d3c,cust_7df7ffe0,798.17,upi,invalid_vpa,2026-08-24T13:02:24Z,0,Yes Bank,PERMANENT_FAILURE,NO_ACTION_UNRECOVERABLE
5cd8fe1a-dafe-48a9-bc71-e0bef3579560,cust_d7e805da,4762.72,upi,network_error,2026-09-04T11:27:04Z,0,State Bank of India,TEMPORARY_BANK_ISSUE,RETRY_IMMEDIATE
5e09a9ee-af88-4dec-bb1e-143b196f4dfa,cust_e48478dc,1270.98,card,card_declined,2026-09-04T05:18:00Z,0,Punjab National Bank,CUSTOMER_FUNDS_ISSUE,SEND_NUDGE
a5135ea0-fa53-434d-a6d5-901d8b621d41,cust_e9df4696,491.11,upi,network_error,2026-08-24T06:23:03Z,0,Axis Bank,TEMPORARY_BANK_ISSUE,RETRY_IMMEDIATE
46a02a9b-65ec-4acd-8f80-35f55bd20c98,cust_b682575e,2121.4,card,network_error,2026-08-26T12:26:01Z,3,Union Bank of India,TEMPORARY_BANK_ISSUE,ESCALATE_HUMAN
f2f25eef-1f45-4bfd-b7dc-67e030974b2b,cust_e32684b2,645.77,emandate,expired_mandate,2026-09-03T19:21:05Z,1,ICICI Bank,MANDATE_EXPIRED,SEND_NUDGE
1777e8cb-7468-4b98-92fe-2fded918b3e5,cust_59048119,3165.31,netbanking,bank_timeout,2026-09-03T07:18:38Z,2,Yes Bank,TEMPORARY_BANK_ISSUE,RETRY_DELAYED_24H
a3b5cece-a446-4e72-b64c-911aa9ab364a,cust_b8a88062,5279.34,card,card_declined,2026-09-04T16:35:45Z,0,Union Bank of India,PERMANENT_FAILURE,NO_ACTION_UNRECOVERABLE
0cf2b69b-0577-4ea9-b899-924698de8ebb,cust_736a3566,2009.02,card,card_declined,2026-09-01T06:04:19Z,3,Federal Bank,CUSTOMER_FUNDS_ISSUE,RETRY_DELAYED_24H
fd235def-3e5a-47e3-9560-db22c96b5edb,cust_4f58d669,458.75,upi,bank_timeout,2026-08-30T23:30:46Z,0,State Bank of India,TEMPORARY_BANK_ISSUE,RETRY_IMMEDIATE
34885a46-9088-4eaf-8977-6598203c8c25,cust_e32684b2,2664.03,upi,insufficient_funds,2026-08-26T23:25:22Z,1,Yes Bank,CUSTOMER_FUNDS_ISSUE,RETRY_DELAYED_24H
8de08fc2-c3e1-4a85-946e-f10411906f50,cust_c5e40c02,3502.34,card,card_declined,2026-08-30T06:26:54Z,2,Axis Bank,PERMANENT_FAILURE,NO_ACTION_UNRECOVERABLE
d0243d72-3748-467f-961d-33ba350843f0,cust_85813dba,3266.38,upi,bank_timeout,2026-08-31T09:41:46Z,1,Kotak Mahindra Bank,TEMPORARY_BANK_ISSUE,RETRY_IMMEDIATE
c63d04ee-541c-4a86-bba5-cd2fdea45c19,cust_38a39d5e,1737.99,upi,invalid_vpa,2026-09-01T00:43:44Z,0,IDFC FIRST Bank,CUSTOMER_FUNDS_ISSUE,NO_ACTION_UNRECOVERABLE
989240ac-e689-43a9-89e4-8e8c25c61c45,cust_b97706ca,1769.72,upi,bank_timeout,2026-08-26T04:28:21Z,2,Axis Bank,TEMPORARY_BANK_ISSUE,RETRY_DELAYED_24H
fbe94499-dbc0-40fd-86fb-7bf300b9d4a3,cust_bb81e3c2,5978.19,netbanking,insufficient_funds,2026-08-22T10:00:50Z,1,Punjab National Bank,CUSTOMER_FUNDS_ISSUE,RETRY_DELAYED_72H
8a4b8f7c-2147-4a15-bcce-96f6250a4578,cust_846a32c3,1235.53,upi,network_error,2026-08-27T16:15:27Z,2,Federal Bank,PERMANENT_FAILURE,RETRY_DELAYED_24H
1c24220e-2cab-47e7-8c6b-66e5402adf9c,cust_a0770217,2707.48,card,insufficient_funds,2026-08-26T18:49:05Z,1,Yes Bank,CUSTOMER_FUNDS_ISSUE,RETRY_DELAYED_24H
21bddb41-0699-4731-9dcf-8766a93b12cd,cust_e4d58fed,947.25,upi,insufficient_funds,2026-08-23T23:33:42Z,2,Federal Bank,CUSTOMER_FUNDS_ISSUE,RETRY_DELAYED_24H
c9d6a63b-ca3c-4f5f-9bb5-c40c03cde2e3,cust_b74f2134,3838.11,card,risk_decline,2026-08-31T02:05:25Z,0,Yes Bank,RISK_BLOCKED,ESCALATE_HUMAN
040a3aae-52e2-4fd9-96bf-10ab3ce915e7,cust_50af03b9,1846.09,upi,network_error,2026-08-24T09:19:54Z,3,Federal Bank,TEMPORARY_BANK_ISSUE,ESCALATE_HUMAN
20733f6d-0d6a-45b3-83ef-20162c9b662e,cust_a0770217,504.74,netbanking,insufficient_funds,2026-08-27T23:45:47Z,2,IDFC FIRST Bank,CUSTOMER_FUNDS_ISSUE,RETRY_DELAYED_24H
1d181ee9-86ad-4a8c-abc4-123ebde13c1b,cust_7b95e909,1343.76,emandate,bank_timeout,2026-09-03T12:30:18Z,1,ICICI Bank,TEMPORARY_BANK_ISSUE,RETRY_IMMEDIATE
72c22a16-79eb-4168-9045-56e5bee3eb79,cust_aed16dc0,6796.16,card,card_declined,2026-09-03T15:39:24Z,2,IndusInd Bank,CUSTOMER_FUNDS_ISSUE,RETRY_DELAYED_72H
97fa7f04-8363-4007-9cae-9610c72c1fe3,cust_e878f78e,757.23,upi,invalid_vpa,2026-08-30T05:44:42Z,0,IDFC FIRST Bank,PERMANENT_FAILURE,NO_ACTION_UNRECOVERABLE
38b77c07-80fb-4296-b3b6-a09b1beaf6ac,cust_6eaac8d8,1988.87,emandate,expired_mandate,2026-09-03T00:32:21Z,0,Punjab National Bank,MANDATE_EXPIRED,SEND_NUDGE
ba2c98ce-0b19-488e-9d77-a45ef206c269,cust_b74f2134,2047.78,upi,insufficient_funds,2026-08-30T01:08:00Z,1,IDFC FIRST Bank,CUSTOMER_FUNDS_ISSUE,RETRY_DELAYED_24H
a8addf36-ddf2-45eb-a8a3-f341c8819065,cust_4f58d669,360.9,upi,insufficient_funds,2026-09-02T16:06:41Z,3,Union Bank of India,CUSTOMER_FUNDS_ISSUE,RETRY_DELAYED_24H
a4b1f991-7542-4646-8d37-a539857dd3b3,cust_29a27976,5022.57,emandate,bank_timeout,2026-08-23T22:21:28Z,2,Kotak Mahindra Bank,TEMPORARY_BANK_ISSUE,RETRY_DELAYED_24H
ffa361be-0f92-40e1-87f9-7d05f6ca6b8b,cust_4d419b1b,1306.76,upi,insufficient_funds,2026-08-30T07:17:10Z,1,Federal Bank,CUSTOMER_FUNDS_ISSUE,RETRY_DELAYED_24H
6d204496-66d0-4371-98e8-8ebb7a9e8eef,cust_846a32c3,4421.17,card,card_declined,2026-08-30T20:49:58Z,1,Axis Bank,CUSTOMER_FUNDS_ISSUE,RETRY_DELAYED_24H
b65feea9-7d82-4264-9ba3-62e7afa415e5,cust_47c462dd,4524.96,netbanking,insufficient_funds,2026-08-23T04:59:06Z,2,IDFC FIRST Bank,CUSTOMER_FUNDS_ISSUE,RETRY_DELAYED_24H
e63658c9-12d0-498d-b18d-4d05e8e22743,cust_8c49ea20,2087.26,emandate,expired_mandate,2026-08-26T09:35:18Z,1,Union Bank of India,MANDATE_EXPIRED,SEND_NUDGE
25f934bf-9bb9-4155-9275-eb9414aeaf5c,cust_53c1f76e,7515.18,card,card_declined,2026-08-30T01:54:48Z,3,Axis Bank,CUSTOMER_FUNDS_ISSUE,RETRY_DELAYED_72H
9fd34579-4667-42ce-a04e-178c10d08d11,cust_36e8b535,10891.83,emandate,risk_decline,2026-08-28T17:43:59Z,2,ICICI Bank,RISK_BLOCKED,ESCALATE_HUMAN
b64fa54a-8c61-4654-95da-75c1a21150f9,cust_d58e72e3,776.86,netbanking,insufficient_funds,2026-08-22T15:32:14Z,0,IDFC FIRST Bank,CUSTOMER_FUNDS_ISSUE,SEND_NUDGE
98eeac2b-fe9f-4caa-a182-f347533f5a72,cust_4d419b1b,1152.52,upi,network_error,2026-08-25T14:39:35Z,3,Yes Bank,TEMPORARY_BANK_ISSUE,ESCALATE_HUMAN
816bcb9f-7426-4193-8b7e-6b3c87d292a6,cust_73c8eb5b,2840.72,card,card_declined,2026-08-26T04:13:30Z,0,IDFC FIRST Bank,MANDATE_EXPIRED,SEND_NUDGE
cb08587d-1963-426d-ae21-8b099afd4015,cust_5d2cce80,1444.85,card,card_declined,2026-08-31T21:31:29Z,3,IndusInd Bank,PERMANENT_FAILURE,RETRY_DELAYED_24H
a79b44b6-da50-4fed-9d4a-3d81b3a7d0e0,cust_2a0df3db,5666.84,emandate,insufficient_funds,2026-09-02T10:17:00Z,1,Federal Bank,CUSTOMER_FUNDS_ISSUE,RETRY_DELAYED_72H
8d244e3e-c4da-4ddb-a0b1-5abaa6a27967,cust_b74f2134,683.19,upi,insufficient_funds,2026-09-02T13:52:37Z,0,IDFC FIRST Bank,TEMPORARY_BANK_ISSUE,SEND_NUDGE
6e191042-370b-4063-9d90-e79eb888f6ed,cust_71722f24,1118.43,upi,invalid_vpa,2026-08-25T03:51:15Z,0,IDFC FIRST Bank,PERMANENT_FAILURE,NO_ACTION_UNRECOVERABLE
69efafb1-3a7e-4e14-a359-eee173991a47,cust_c87a171a,803.41,card,bank_timeout,2026-08-25T02:26:34Z,3,ICICI Bank,TEMPORARY_BANK_ISSUE,ESCALATE_HUMAN
66132e69-7418-4109-93d1-bf0f56c438e4,cust_c5e40c02,2097.14,upi,bank_timeout,2026-08-31T18:02:32Z,3,ICICI Bank,TEMPORARY_BANK_ISSUE,ESCALATE_HUMAN
50032b35-1857-4baf-bac7-e2b96a7e4c36,cust_0853964b,4681.99,emandate,expired_mandate,2026-08-28T17:50:19Z,0,Punjab National Bank,MANDATE_EXPIRED,SEND_NUDGE
4140752c-aa44-4259-9001-8b7b6d4067f4,cust_38a39d5e,1450.55,card,card_declined,2026-08-23T16:08:45Z,0,Bank of Baroda,CUSTOMER_FUNDS_ISSUE,SEND_NUDGE
afd380c4-2713-482c-b41e-a3ac5fd23109,cust_b97706ca,408.51,upi,invalid_vpa,2026-08-23T04:43:04Z,0,IDFC FIRST Bank,PERMANENT_FAILURE,NO_ACTION_UNRECOVERABLE
175a81ec-112f-4612-b969-9ed2ec48bf55,cust_4d419b1b,619.04,upi,bank_timeout,2026-08-29T03:12:21Z,3,Federal Bank,TEMPORARY_BANK_ISSUE,ESCALATE_HUMAN
6e8f75a1-17dd-4d81-95da-705cd4ef00aa,cust_47c462dd,1222.52,upi,invalid_vpa,2026-08-30T09:43:31Z,1,Punjab National Bank,PERMANENT_FAILURE,NO_ACTION_UNRECOVERABLE
5f65c8ce-bd21-4c11-be9d-61ee18b87245,cust_4d419b1b,6496.87,upi,insufficient_funds,2026-09-01T08:24:09Z,1,Bank of Baroda,CUSTOMER_FUNDS_ISSUE,RETRY_DELAYED_72H
0f5ae9d3-8e6e-4003-a14f-3f12cfd01cbd,cust_cf0b9cd7,5212.99,emandate,expired_mandate,2026-09-04T11:10:03Z,1,Union Bank of India,MANDATE_EXPIRED,SEND_NUDGE
8fca7b6a-8fc4-4092-b4e5-59e596229348,cust_e9df4696,816.55,upi,risk_decline,2026-09-01T02:05:02Z,2,Yes Bank,RISK_BLOCKED,ESCALATE_HUMAN
692ac139-1f4a-4ca1-ab85-fd595463adc7,cust_29a27976,1716.17,card,insufficient_funds,2026-08-27T00:49:44Z,0,Union Bank of India,CUSTOMER_FUNDS_ISSUE,SEND_NUDGE
f0ede303-aa53-419c-9fa4-bb9f5a856750,cust_cf0b9cd7,301.49,upi,insufficient_funds,2026-08-27T22:31:18Z,1,Kotak Mahindra Bank,CUSTOMER_FUNDS_ISSUE,RETRY_DELAYED_24H
ea74bb18-de3b-496f-ac45-96f6c012a0ff,cust_aed16dc0,889.59,upi,bank_timeout,2026-09-03T11:22:14Z,2,Axis Bank,TEMPORARY_BANK_ISSUE,RETRY_DELAYED_24H
49a214ae-f7e8-48e5-8d2b-91efb8976ec5,cust_50af03b9,5344.17,upi,invalid_vpa,2026-09-01T08:27:19Z,3,Kotak Mahindra Bank,PERMANENT_FAILURE,NO_ACTION_UNRECOVERABLE
1a85910d-5a05-4c11-8ffc-a6b199b479d4,cust_36e8b535,991.84,upi,risk_decline,2026-09-01T05:33:07Z,1,State Bank of India,RISK_BLOCKED,ESCALATE_HUMAN
279c658a-3676-4ce5-81e5-c9f693f277cc,cust_4f7fd633,1897.92,upi,invalid_vpa,2026-08-30T20:42:28Z,0,State Bank of India,PERMANENT_FAILURE,NO_ACTION_UNRECOVERABLE
d8e7012f-3968-4c81-bb70-c3b8a81fdec3,cust_4d419b1b,530.07,upi,network_error,2026-08-30T09:22:30Z,2,State Bank of India,MANDATE_EXPIRED,RETRY_DELAYED_24H
8e676a01-d86a-4460-99a1-120e1bb43332,cust_71722f24,1170.19,emandate,expired_mandate,2026-08-25T08:36:57Z,2,Yes Bank,MANDATE_EXPIRED,SEND_NUDGE
47503f1d-c33a-4f6c-9d69-1fba5e187b24,cust_ed03241b,1978.98,card,card_declined,2026-09-02T01:42:32Z,0,Kotak Mahindra Bank,CUSTOMER_FUNDS_ISSUE,SEND_NUDGE
6dda4f8d-cea6-4f4c-b9e5-8ff092f837d4,cust_25227c37,867.4,upi,insufficient_funds,2026-08-30T19:42:24Z,0,ICICI Bank,CUSTOMER_FUNDS_ISSUE,SEND_NUDGE
c4767556-f97b-42dd-8f9b-72aed85c16bd,cust_c5e40c02,1926.44,upi,insufficient_funds,2026-08-28T18:13:22Z,0,HDFC Bank,CUSTOMER_FUNDS_ISSUE,SEND_NUDGE
accb461a-9d13-4363-9f29-4a8bd1846c39,cust_ed03241b,688.33,upi,network_error,2026-08-23T06:57:27Z,3,Punjab National Bank,TEMPORARY_BANK_ISSUE,ESCALATE_HUMAN
9be71737-06b8-4231-8e86-7f3ca487eeab,cust_73c8eb5b,2668.54,card,card_declined,2026-08-25T16:00:20Z,2,Bank of Baroda,RISK_BLOCKED,ESCALATE_HUMAN
b18753e6-d457-4ad9-a867-a096edd877c8,cust_c5e40c02,1520.59,upi,bank_timeout,2026-09-05T02:07:41Z,1,IDFC FIRST Bank,TEMPORARY_BANK_ISSUE,RETRY_IMMEDIATE
45f50c52-2e2f-4f77-8769-79d644777442,cust_cbee3772,1154.77,emandate,expired_mandate,2026-08-26T07:53:44Z,0,State Bank of India,MANDATE_EXPIRED,SEND_NUDGE
ebe9e207-4f19-4ec0-832d-4526b3e4110a,cust_5d2cce80,1426.19,netbanking,risk_decline,2026-08-25T04:59:21Z,2,Axis Bank,RISK_BLOCKED,ESCALATE_HUMAN
2e709838-0190-4620-99dc-abd056febfb9,cust_e9df4696,822.99,upi,network_error,2026-08-30T06:20:19Z,2,Federal Bank,TEMPORARY_BANK_ISSUE,RETRY_DELAYED_24H
a847bce7-90fa-4b57-a4ac-2130deaf528d,cust_297c79bf,1259.34,upi,risk_decline,2026-08-27T11:57:56Z,0,Union Bank of India,MANDATE_EXPIRED,ESCALATE_HUMAN
bdb025ff-2451-45a4-91d0-59b26699cd99,cust_cbee3772,1871.44,netbanking,bank_timeout,2026-08-30T16:04:16Z,0,Union Bank of India,TEMPORARY_BANK_ISSUE,RETRY_IMMEDIATE
177d6e7e-07d9-44ce-b8c8-8faea2178f84,cust_0760474f,644.79,upi,bank_timeout,2026-08-22T07:42:04Z,0,Yes Bank,TEMPORARY_BANK_ISSUE,RETRY_IMMEDIATE
604e46cb-3712-42d1-87cd-b6a1bf012e32,cust_f893697b,334.69,upi,bank_timeout,2026-09-02T00:23:33Z,1,Yes Bank,TEMPORARY_BANK_ISSUE,RETRY_IMMEDIATE
284bf962-5744-4596-b422-21676b7a2460,cust_36e8b535,746.37,upi,risk_decline,2026-08-25T23:30:40Z,1,IndusInd Bank,RISK_BLOCKED,ESCALATE_HUMAN
530ac1c7-b8ba-4368-8fc7-77685ebbcca5,cust_71722f24,2157.33,upi,network_error,2026-09-02T09:16:12Z,3,IndusInd Bank,CUSTOMER_FUNDS_ISSUE,ESCALATE_HUMAN
98a21f1c-914d-4fae-b100-13a7c6deb2f0,cust_b74f2134,5405.55,emandate,expired_mandate,2026-08-29T01:05:00Z,0,Kotak Mahindra Bank,MANDATE_EXPIRED,SEND_NUDGE
27d415b6-0d77-45a0-a222-b6a615bfbe97,cust_e32684b2,399.45,card,bank_timeout,2026-08-28T09:48:34Z,0,Yes Bank,TEMPORARY_BANK_ISSUE,RETRY_IMMEDIATE
0cbd3c03-9e2a-44ac-8122-b5b3284c03d2,cust_38a39d5e,2817.33,netbanking,bank_timeout,2026-08-29T14:21:17Z,2,Kotak Mahindra Bank,TEMPORARY_BANK_ISSUE,RETRY_DELAYED_24H
716fda0a-45a8-4829-94e2-86e5ac8936bc,cust_f78df0ca,4397.38,card,card_declined,2026-09-04T02:12:53Z,2,Federal Bank,CUSTOMER_FUNDS_ISSUE,RETRY_DELAYED_24H
9b69554d-7c54-435f-ac8c-3b6aa974d079,cust_a0770217,268.72,upi,network_error,2026-09-03T22:34:55Z,0,Axis Bank,TEMPORARY_BANK_ISSUE,RETRY_IMMEDIATE
372f871a-45ee-432d-aa07-f2137129cec7,cust_4f7fd633,2708.32,card,insufficient_funds,2026-08-27T21:22:52Z,2,ICICI Bank,CUSTOMER_FUNDS_ISSUE,RETRY_DELAYED_24H
585d3f86-1d23-44e6-8329-20b7c143f426,cust_e32684b2,505.63,upi,insufficient_funds,2026-09-01T17:51:00Z,0,IndusInd Bank,CUSTOMER_FUNDS_ISSUE,SEND_NUDGE
ad9fb00d-4882-473c-9c63-45ab6e0ed1e8,cust_d4e518ca,471.54,upi,risk_decline,2026-08-30T05:47:37Z,0,ICICI Bank,RISK_BLOCKED,ESCALATE_HUMAN
86e52753-7c93-46cc-97d7-a560adb14670,cust_53c1f76e,9125.67,netbanking,insufficient_funds,2026-09-02T08:33:53Z,2,HDFC Bank,CUSTOMER_FUNDS_ISSUE,RETRY_DELAYED_72H
3873e57f-0ba0-48e8-8ef4-92c1aac93316,cust_e48478dc,1098.95,netbanking,network_error,2026-08-27T20:59:13Z,2,ICICI Bank,TEMPORARY_BANK_ISSUE,RETRY_DELAYED_24H
0e0630cd-996d-4c50-bc04-a168652ffb49,cust_0853964b,672.7,emandate,bank_timeout,2026-08-25T09:04:37Z,1,IDFC FIRST Bank,TEMPORARY_BANK_ISSUE,RETRY_IMMEDIATE
f200c261-4d29-41ab-b455-12f701f7c7ec,cust_c826a6fc,5180.95,card,insufficient_funds,2026-08-30T09:06:22Z,1,Federal Bank,CUSTOMER_FUNDS_ISSUE,RETRY_DELAYED_72H
c3a00c6f-2321-41e1-8471-04c036136e15,cust_73931bdb,941.62,upi,invalid_vpa,2026-09-01T23:21:25Z,0,Kotak Mahindra Bank,PERMANENT_FAILURE,NO_ACTION_UNRECOVERABLE
1eb74b56-53ff-43a2-8a19-35014169b9fc,cust_4eaede5f,2088.2,card,insufficient_funds,2026-09-01T06:09:58Z,0,Axis Bank,CUSTOMER_FUNDS_ISSUE,SEND_NUDGE
6e3f683a-bf3c-4140-bf54-a51101fa964e,cust_0760474f,1251.84,upi,bank_timeout,2026-08-28T23:40:49Z,3,Federal Bank,TEMPORARY_BANK_ISSUE,ESCALATE_HUMAN
88575117-6155-4667-a112-507c2cfa55b0,cust_f893697b,1224.0,emandate,insufficient_funds,2026-09-04T07:34:14Z,1,State Bank of India,CUSTOMER_FUNDS_ISSUE,RETRY_DELAYED_24H
8f0881ee-8011-416b-bae8-8926b423ccde,cust_c59c0996,901.32,upi,insufficient_funds,2026-09-03T23:55:10Z,0,Kotak Mahindra Bank,CUSTOMER_FUNDS_ISSUE,SEND_NUDGE
5aaab32f-ce63-42b6-ab05-347fd556b37d,cust_6c15c0c8,3720.49,emandate,insufficient_funds,2026-09-02T09:43:32Z,0,State Bank of India,CUSTOMER_FUNDS_ISSUE,SEND_NUDGE
bdf66ba5-dc9c-46de-a5a6-74c212738a23,cust_b8a88062,1714.0,card,insufficient_funds,2026-08-27T19:42:03Z,0,Bank of Baroda,CUSTOMER_FUNDS_ISSUE,SEND_NUDGE
75b27455-04cc-4ede-afac-16730ad45230,cust_2a0df3db,9952.5,card,insufficient_funds,2026-08-24T20:30:24Z,0,Union Bank of India,CUSTOMER_FUNDS_ISSUE,SEND_NUDGE
5024bdc6-dcb3-4df3-93ee-cdc6ebd14d2c,cust_828bca03,1889.87,upi,insufficient_funds,2026-09-04T21:03:32Z,0,Axis Bank,CUSTOMER_FUNDS_ISSUE,SEND_NUDGE
67884209-92ca-425a-ade5-93329364f3d0,cust_d4e518ca,2041.23,netbanking,risk_decline,2026-08-30T13:50:06Z,0,Union Bank of India,RISK_BLOCKED,ESCALATE_HUMAN
4a1dab32-6aed-4dc7-a3e0-5309b5a1b949,cust_c87a171a,689.56,card,card_declined,2026-09-01T20:53:01Z,0,Punjab National Bank,PERMANENT_FAILURE,NO_ACTION_UNRECOVERABLE
f758dce2-0556-4aea-a7b0-32831d7c0098,cust_4017f2ed,4077.11,card,bank_timeout,2026-09-04T10:53:36Z,1,Axis Bank,TEMPORARY_BANK_ISSUE,RETRY_IMMEDIATE
f296d9f0-cd23-42c2-abff-e17b532401fc,cust_e48478dc,1953.03,netbanking,bank_timeout,2026-09-02T11:43:23Z,1,ICICI Bank,TEMPORARY_BANK_ISSUE,RETRY_IMMEDIATE
b08a4895-d4ff-4666-b5c8-e90d9e3d750d,cust_b8a88062,1324.23,emandate,expired_mandate,2026-08-26T19:37:34Z,2,Union Bank of India,MANDATE_EXPIRED,SEND_NUDGE
6fcc57dd-168f-4e12-9ca2-60c9eb7607c9,cust_12da86a7,288.45,upi,network_error,2026-08-31T15:49:55Z,0,HDFC Bank,TEMPORARY_BANK_ISSUE,RETRY_IMMEDIATE
6f887f28-3e49-4d09-9b19-d8b8d8302081,cust_6bd2aa39,9087.17,emandate,network_error,2026-08-26T00:30:53Z,0,ICICI Bank,TEMPORARY_BANK_ISSUE,RETRY_IMMEDIATE
1422373f-8622-48d1-a683-e10796c044d0,cust_297c79bf,3035.76,card,insufficient_funds,2026-08-25T11:14:04Z,1,Bank of Baroda,CUSTOMER_FUNDS_ISSUE,RETRY_DELAYED_24H
beed10b6-4f6e-474b-9eda-b0276550f74a,cust_6eaac8d8,1957.83,upi,insufficient_funds,2026-08-30T10:04:51Z,1,Union Bank of India,CUSTOMER_FUNDS_ISSUE,RETRY_DELAYED_24H
c77444cb-5543-4c3c-b8b8-f24e56ea57b3,cust_bdabe898,3158.8,upi,bank_timeout,2026-09-01T15:50:32Z,3,Bank of Baroda,TEMPORARY_BANK_ISSUE,ESCALATE_HUMAN
a21b0307-82af-485c-938d-994c2b0abedd,cust_4f58d669,1960.01,netbanking,bank_timeout,2026-08-25T18:32:36Z,2,Yes Bank,TEMPORARY_BANK_ISSUE,RETRY_DELAYED_24H
31a3ac4d-828c-47e7-87d5-b7be1d30d990,cust_e9df4696,1824.87,netbanking,risk_decline,2026-08-26T15:58:04Z,1,IDFC FIRST Bank,RISK_BLOCKED,ESCALATE_HUMAN
59e1ac09-5970-4859-86b6-e4ade7ea8d5a,cust_e878f78e,25358.77,card,bank_timeout,2026-08-31T17:25:04Z,2,Punjab National Bank,TEMPORARY_BANK_ISSUE,RETRY_DELAYED_24H
a53bc024-d1a6-4d87-b54e-2019ba35844e,cust_34833489,1272.27,card,insufficient_funds,2026-08-26T20:43:21Z,0,ICICI Bank,CUSTOMER_FUNDS_ISSUE,SEND_NUDGE
1a5165ca-3c7c-4d85-a5cf-0041d0a643fe,cust_36e8b535,412.43,upi,bank_timeout,2026-08-24T11:22:22Z,2,Yes Bank,TEMPORARY_BANK_ISSUE,RETRY_DELAYED_24H
2c6a6e9a-3280-47a1-8187-222b257d5e52,cust_828bca03,3515.07,emandate,expired_mandate,2026-08-28T16:03:02Z,0,Yes Bank,MANDATE_EXPIRED,SEND_NUDGE
c257cf73-c29d-482b-a722-796e9a36d1ec,cust_c59c0996,4303.67,card,insufficient_funds,2026-08-27T07:42:43Z,1,Federal Bank,CUSTOMER_FUNDS_ISSUE,RETRY_DELAYED_24H
f387e1bd-2d59-42c6-934a-5a2fa7cf705c,cust_6c15c0c8,975.83,upi,network_error,2026-08-25T23:38:01Z,1,Yes Bank,TEMPORARY_BANK_ISSUE,RETRY_IMMEDIATE
76c5a0dc-7e7e-4419-a0c1-4035c5d95f51,cust_4f58d669,2309.89,upi,insufficient_funds,2026-08-30T08:18:33Z,1,ICICI Bank,CUSTOMER_FUNDS_ISSUE,RETRY_DELAYED_24H
9458054e-c287-4f06-9050-f7efc1235c91,cust_828bca03,893.77,upi,invalid_vpa,2026-09-03T23:27:21Z,0,Bank of Baroda,PERMANENT_FAILURE,NO_ACTION_UNRECOVERABLE
e1cde87f-ec95-4f87-ae5e-c36572eb7474,cust_38a39d5e,681.27,upi,insufficient_funds,2026-08-22T18:35:36Z,0,Kotak Mahindra Bank,CUSTOMER_FUNDS_ISSUE,SEND_NUDGE
fc8d5b93-a2a2-491f-a49b-1cd99082889b,cust_5d2cce80,694.64,upi,network_error,2026-08-27T12:53:17Z,1,State Bank of India,TEMPORARY_BANK_ISSUE,RETRY_IMMEDIATE
f891b0c3-dd3f-487e-92bd-c6619fe0a8c7,cust_59048119,3292.8,netbanking,network_error,2026-08-31T06:28:50Z,2,Union Bank of India,TEMPORARY_BANK_ISSUE,RETRY_DELAYED_24H
70944bdb-26a5-44e3-90ee-7a92a09151e0,cust_4017f2ed,1135.58,upi,invalid_vpa,2026-09-02T04:11:35Z,0,IDFC FIRST Bank,PERMANENT_FAILURE,NO_ACTION_UNRECOVERABLE
a1a27485-7134-4c2a-b80b-3657117b355b,cust_73931bdb,7626.43,emandate,network_error,2026-08-26T04:56:07Z,1,Kotak Mahindra Bank,TEMPORARY_BANK_ISSUE,RETRY_IMMEDIATE
97674900-4651-4367-8bdc-43184d85a3d2,cust_297c79bf,9892.73,card,card_declined,2026-08-23T05:58:23Z,1,Yes Bank,RISK_BLOCKED,ESCALATE_HUMAN
12fe28bf-81e0-4489-9a18-e2a30e614bcd,cust_4f7fd633,1497.42,emandate,risk_decline,2026-08-22T20:41:32Z,2,HDFC Bank,RISK_BLOCKED,ESCALATE_HUMAN
